{
    "current_state": 0,
    "market_regime": "Bull Market Regime",
    "probability_up": 0.5637100405222872,
    "probability_down": 0.4322377307519136,
    "probability_change_state": 0.0103688283974257,
    "regime_duration": 20
}